{
  "IcoMoonType": "selection",
  "icons": [
    {
      "icon": {
        "paths": [
          "M512 96c-111.118 0-215.584 43.272-294.156 121.844s-121.844 183.038-121.844 294.156c0 111.118 43.272 215.584 121.844 294.156s183.038 121.844 294.156 121.844c111.118 0 215.584-43.272 294.156-121.844s121.844-183.038 121.844-294.156c0-111.118-43.272-215.584-121.844-294.156s-183.038-121.844-294.156-121.844zM512 0v0c282.77 0 512 229.23 512 512s-229.23 512-512 512c-282.77 0-512-229.23-512-512s229.23-512 512-512zM448 704h128v128h-128zM448 192h128v384h-128z"
        ],
        "attrs": [],
        "isMulticolor": false,
        "isMulticolor2": false,
        "defaultCode": 59912,
        "grid": 0
      },
      "attrs": [],
      "properties": {
        "id": 13,
        "order": 121,
        "ligatures": "exclamation",
        "prevSize": 32,
        "name": "exclamation",
        "code": 61478
      },
      "setIdx": 0,
      "setId": 3,
      "iconIdx": 13
    },
    {
      "icon": {
        "paths": [
          "M405.094 764.314l-203.981-203.981 57.754-57.754 146.227 146.227 360.038-360.448 57.754 58.163z"
        ],
        "attrs": [
          {}
        ],
        "isMulticolor": false,
        "isMulticolor2": false,
        "tags": [
          "ok"
        ],
        "grid": 0
      },
      "attrs": [
        {}
      ],
      "properties": {
        "order": 98,
        "id": 0,
        "name": "ok",
        "prevSize": 32,
        "code": 59648
      },
      "setIdx": 2,
      "setId": 1,
      "iconIdx": 1
    },
    {
      "icon": {
        "paths": [
          "M745.882 184.32h-467.763c-85.606 0-155.238 69.632-155.238 155.238v344.883c0 85.606 69.632 155.238 155.238 155.238h467.763c85.606 0 155.238-69.632 155.238-155.238v-344.883c0-85.606-69.632-155.238-155.238-155.238zM278.118 266.24h467.763c40.55 0 73.318 32.768 73.318 73.318v0.819h-614.4v-0.819c0-40.55 32.768-73.318 73.318-73.318zM745.882 757.76h-467.763c-40.55 0-73.318-32.768-73.318-73.318v-262.144h614.4v262.144c0 40.55-32.768 73.318-73.318 73.318z",
          "M329.728 527.974v45.056h50.381v124.928h63.078v-216.269h-50.381c-2.048 30.72-24.576 47.104-63.078 46.285z",
          "M625.869 629.965c31.539-20.48 35.635-23.757 43.418-31.949 13.926-14.336 20.89-30.31 20.89-49.562 0-42.189-33.587-71.27-82.33-71.27-55.296 0-88.883 33.587-88.883 87.654v11.059h55.706v-6.554c0-25.805 9.421-38.502 29.491-38.502 13.926 0 23.347 9.011 23.347 22.118 0 8.602-3.686 15.565-11.878 22.528-7.782 6.554-9.421 7.782-35.226 26.214-50.381 33.997-63.488 54.477-63.488 95.846h176.947v-54.477h-85.606c6.963-5.734 10.24-8.192 17.613-13.107z"
        ],
        "attrs": [
          {},
          {},
          {}
        ],
        "isMulticolor": false,
        "isMulticolor2": false,
        "tags": [
          "calendar"
        ],
        "grid": 0
      },
      "attrs": [
        {},
        {},
        {}
      ],
      "properties": {
        "order": 99,
        "id": 1,
        "name": "calendar",
        "prevSize": 32,
        "code": 59649
      },
      "setIdx": 2,
      "setId": 1,
      "iconIdx": 2
    },
    {
      "icon": {
        "paths": [
          "M743.834 338.33l-58.163-58.163-173.67 174.080-173.67-174.080-58.163 58.163 174.080 173.67-174.080 173.67 58.163 58.163 173.67-174.080 173.67 174.080 58.163-58.163-174.080-173.67z"
        ],
        "attrs": [
          {}
        ],
        "isMulticolor": false,
        "isMulticolor2": false,
        "tags": [
          "close"
        ],
        "grid": 0
      },
      "attrs": [
        {}
      ],
      "properties": {
        "order": 100,
        "id": 2,
        "name": "close",
        "prevSize": 32,
        "code": 59650
      },
      "setIdx": 2,
      "setId": 1,
      "iconIdx": 3
    },
    {
      "icon": {
        "paths": [
          "M819.2 225.28h-204.8v-81.92h-204.8v81.92h-204.8v204.8h40.96v272.384c0 98.304 79.872 178.176 178.176 178.176h176.128c98.304 0 178.176-79.872 178.176-178.176v-272.384h40.96v-204.8zM286.72 307.2h450.56v40.96h-450.56v-40.96zM696.32 702.464c0 53.248-43.008 96.256-96.256 96.256h-176.128c-53.248 0-96.256-43.008-96.256-96.256v-272.384h368.64v272.384z",
          "M409.6 471.040h81.92v245.76h-81.92v-245.76z",
          "M532.48 471.040h81.92v245.76h-81.92v-245.76z"
        ],
        "attrs": [
          {},
          {},
          {}
        ],
        "isMulticolor": false,
        "isMulticolor2": false,
        "tags": [
          "delete"
        ],
        "grid": 0
      },
      "attrs": [
        {},
        {},
        {}
      ],
      "properties": {
        "order": 105,
        "id": 3,
        "name": "delete",
        "prevSize": 32,
        "code": 59651
      },
      "setIdx": 2,
      "setId": 1,
      "iconIdx": 4
    },
    {
      "icon": {
        "paths": [
          "M610.714 122.88h-426.394v778.24h655.36v-549.274l-228.966-228.966zM634.88 262.554l65.126 65.126h-65.126v-65.126zM266.24 819.2v-614.4h286.72v204.8h204.8v409.6h-491.52z",
          "M348.16 532.48h327.68v81.92h-327.68v-81.92z",
          "M348.16 409.6h81.92v81.92h-81.92v-81.92z",
          "M348.16 655.36h327.68v81.92h-327.68v-81.92z"
        ],
        "attrs": [
          {},
          {},
          {},
          {}
        ],
        "isMulticolor": false,
        "isMulticolor2": false,
        "tags": [
          "document"
        ],
        "grid": 0
      },
      "attrs": [
        {},
        {},
        {},
        {}
      ],
      "properties": {
        "order": 106,
        "id": 4,
        "name": "document",
        "prevSize": 32,
        "code": 59652
      },
      "setIdx": 2,
      "setId": 1,
      "iconIdx": 5
    },
    {
      "icon": {
        "paths": [
          "M675.021 511.181c0 90.486-73.354 163.84-163.84 163.84s-163.84-73.354-163.84-163.84c0-90.486 73.354-163.84 163.84-163.84s163.84 73.354 163.84 163.84z"
        ],
        "attrs": [
          {}
        ],
        "isMulticolor": false,
        "isMulticolor2": false,
        "tags": [
          "dot"
        ],
        "grid": 0
      },
      "attrs": [
        {}
      ],
      "properties": {
        "order": 107,
        "id": 5,
        "name": "dot",
        "prevSize": 32,
        "code": 59653
      },
      "setIdx": 2,
      "setId": 1,
      "iconIdx": 6
    },
    {
      "icon": {
        "paths": [
          "M552.96 641.434l266.24-258.867h-532.48z"
        ],
        "attrs": [
          {}
        ],
        "isMulticolor": false,
        "isMulticolor2": false,
        "tags": [
          "down"
        ],
        "grid": 0
      },
      "attrs": [
        {}
      ],
      "properties": {
        "order": 108,
        "id": 6,
        "name": "down",
        "prevSize": 32,
        "code": 59654
      },
      "setIdx": 2,
      "setId": 1,
      "iconIdx": 7
    },
    {
      "icon": {
        "paths": [
          "M593.101 511.181c0 45.243-36.677 81.92-81.92 81.92s-81.92-36.677-81.92-81.92c0-45.243 36.677-81.92 81.92-81.92s81.92 36.677 81.92 81.92z",
          "M347.341 511.181c0 45.243-36.677 81.92-81.92 81.92s-81.92-36.677-81.92-81.92c0-45.243 36.677-81.92 81.92-81.92s81.92 36.677 81.92 81.92z",
          "M838.861 511.181c0 45.243-36.677 81.92-81.92 81.92s-81.92-36.677-81.92-81.92c0-45.243 36.677-81.92 81.92-81.92s81.92 36.677 81.92 81.92z"
        ],
        "attrs": [
          {},
          {},
          {}
        ],
        "isMulticolor": false,
        "isMulticolor2": false,
        "tags": [
          "elipsis"
        ],
        "grid": 0
      },
      "attrs": [
        {},
        {},
        {}
      ],
      "properties": {
        "order": 109,
        "id": 7,
        "name": "elipsis",
        "prevSize": 32,
        "code": 59655
      },
      "setIdx": 2,
      "setId": 1,
      "iconIdx": 8
    },
    {
      "icon": {
        "paths": [
          "M617.267 839.68h-210.534v-320.717l-306.381-334.643h823.296l-306.381 334.643v320.717zM488.653 757.76h46.694v-270.336l202.342-221.184h-451.379l202.342 221.184v270.336z"
        ],
        "attrs": [
          {}
        ],
        "isMulticolor": false,
        "isMulticolor2": false,
        "tags": [
          "filter"
        ],
        "grid": 0
      },
      "attrs": [
        {}
      ],
      "properties": {
        "order": 110,
        "id": 8,
        "name": "filter",
        "prevSize": 32,
        "code": 59656
      },
      "setIdx": 2,
      "setId": 1,
      "iconIdx": 9
    },
    {
      "icon": {
        "paths": [
          "M552.96 286.72c0 33.932-27.508 61.44-61.44 61.44s-61.44-27.508-61.44-61.44c0-33.932 27.508-61.44 61.44-61.44s61.44 27.508 61.44 61.44z",
          "M552.96 716.8v-286.72h-122.88v81.92h40.96v204.8h-40.96v81.92h163.84v-81.92z"
        ],
        "attrs": [
          {},
          {}
        ],
        "isMulticolor": false,
        "isMulticolor2": false,
        "tags": [
          "info"
        ],
        "grid": 0
      },
      "attrs": [
        {},
        {}
      ],
      "properties": {
        "order": 111,
        "id": 9,
        "name": "info",
        "prevSize": 32,
        "code": 59657
      },
      "setIdx": 2,
      "setId": 1,
      "iconIdx": 10
    },
    {
      "icon": {
        "paths": [
          "M382.566 512l258.867 266.24v-532.48z"
        ],
        "attrs": [
          {}
        ],
        "isMulticolor": false,
        "isMulticolor2": false,
        "tags": [
          "left"
        ],
        "grid": 0
      },
      "attrs": [
        {}
      ],
      "properties": {
        "order": 112,
        "id": 10,
        "name": "left",
        "prevSize": 32,
        "code": 59658
      },
      "setIdx": 2,
      "setId": 1,
      "iconIdx": 11
    },
    {
      "icon": {
        "paths": [
          "M737.28 675.84h-163.84c-90.522 0-163.84-73.318-163.84-163.84h81.92c0 45.056 36.864 81.92 81.92 81.92h163.84c45.056 0 81.92-36.864 81.92-81.92s-36.864-81.92-81.92-81.92h-81.92v-81.92h81.92c90.522 0 163.84 73.318 163.84 163.84s-73.318 163.84-163.84 163.84z",
          "M368.64 675.84h-81.92c-90.522 0-163.84-73.318-163.84-163.84s73.318-163.84 163.84-163.84h163.84c90.522 0 163.84 73.318 163.84 163.84h-81.92c0-45.056-36.864-81.92-81.92-81.92h-163.84c-45.056 0-81.92 36.864-81.92 81.92s36.864 81.92 81.92 81.92h81.92v81.92z"
        ],
        "attrs": [
          {},
          {}
        ],
        "isMulticolor": false,
        "isMulticolor2": false,
        "tags": [
          "link"
        ],
        "grid": 0
      },
      "attrs": [
        {},
        {}
      ],
      "properties": {
        "order": 113,
        "id": 11,
        "name": "link",
        "prevSize": 32,
        "code": 59659
      },
      "setIdx": 2,
      "setId": 1,
      "iconIdx": 12
    },
    {
      "icon": {
        "paths": [
          "M691.814 155.648v117.146h81.92v-199.066h-568.115v691.814l324.813 221.184v-689.357l-207.667-141.722h369.050zM448.922 831.898l-160.973-109.773v-491.11l160.973 109.773v491.11z",
          "M691.814 663.962h-121.242v81.92h203.162v-206.848h-81.92z",
          "M941.261 408.371l-138.854-142.95v92.57h-208.486v104.038h208.486v88.883z"
        ],
        "attrs": [
          {},
          {},
          {}
        ],
        "isMulticolor": false,
        "isMulticolor2": false,
        "tags": [
          "logout"
        ],
        "grid": 0
      },
      "attrs": [
        {},
        {},
        {}
      ],
      "properties": {
        "order": 114,
        "id": 12,
        "name": "logout",
        "prevSize": 32,
        "code": 59660
      },
      "setIdx": 2,
      "setId": 1,
      "iconIdx": 13
    },
    {
      "icon": {
        "paths": [
          "M225.28 471.040h573.44v81.92h-573.44v-81.92z"
        ],
        "attrs": [
          {}
        ],
        "isMulticolor": false,
        "isMulticolor2": false,
        "tags": [
          "minus"
        ],
        "grid": 0
      },
      "attrs": [
        {}
      ],
      "properties": {
        "order": 115,
        "id": 13,
        "name": "minus",
        "prevSize": 32,
        "code": 59661
      },
      "setIdx": 2,
      "setId": 1,
      "iconIdx": 14
    },
    {
      "icon": {
        "paths": [
          "M798.72 471.040h-245.76v-245.76h-81.92v245.76h-245.76v81.92h245.76v245.76h81.92v-245.76h245.76z"
        ],
        "attrs": [
          {}
        ],
        "isMulticolor": false,
        "isMulticolor2": false,
        "tags": [
          "plus"
        ],
        "grid": 0
      },
      "attrs": [
        {}
      ],
      "properties": {
        "order": 116,
        "id": 14,
        "name": "plus",
        "prevSize": 32,
        "code": 59663
      },
      "setIdx": 2,
      "setId": 1,
      "iconIdx": 15
    },
    {
      "icon": {
        "paths": [
          "M847.872 389.12l-70.451 41.37c27.034 47.104 41.779 100.762 41.779 155.238 0 169.574-137.626 307.2-307.2 307.2s-307.2-137.626-307.2-307.2c0-162.611 126.976-295.731 286.72-306.381v133.53l176.947-181.862-176.947-181.862v148.685c-205.21 10.65-368.64 180.224-368.64 387.891 0 214.63 174.49 389.12 389.12 389.12s389.12-174.49 389.12-389.12c0-69.222-18.432-137.216-53.248-196.608z"
        ],
        "attrs": [
          {}
        ],
        "isMulticolor": false,
        "isMulticolor2": false,
        "tags": [
          "refresh"
        ],
        "grid": 0
      },
      "attrs": [
        {}
      ],
      "properties": {
        "order": 117,
        "id": 15,
        "name": "refresh",
        "prevSize": 32,
        "code": 59664
      },
      "setIdx": 2,
      "setId": 1,
      "iconIdx": 16
    },
    {
      "icon": {
        "paths": [
          "M641.434 512l-258.867-266.24v532.48z"
        ],
        "attrs": [
          {}
        ],
        "isMulticolor": false,
        "isMulticolor2": false,
        "tags": [
          "right"
        ],
        "grid": 0
      },
      "attrs": [
        {}
      ],
      "properties": {
        "order": 118,
        "id": 16,
        "name": "right",
        "prevSize": 32,
        "code": 59665
      },
      "setIdx": 2,
      "setId": 1,
      "iconIdx": 17
    },
    {
      "icon": {
        "paths": [
          "M512 634.88l-102.4 163.84h204.8z",
          "M512 389.12l102.4-163.84h-204.8z",
          "M757.76 675.84h-163.84v-81.92h163.84c45.056 0 81.92-36.864 81.92-81.92s-36.864-81.92-81.92-81.92h-163.84v-81.92h163.84c90.522 0 163.84 73.318 163.84 163.84s-73.318 163.84-163.84 163.84z",
          "M430.080 675.84h-163.84c-90.522 0-163.84-73.318-163.84-163.84s73.318-163.84 163.84-163.84h163.84v81.92h-163.84c-45.056 0-81.92 36.864-81.92 81.92s36.864 81.92 81.92 81.92h163.84v81.92z"
        ],
        "attrs": [
          {},
          {},
          {},
          {}
        ],
        "isMulticolor": false,
        "isMulticolor2": false,
        "tags": [
          "unlink"
        ],
        "grid": 0
      },
      "attrs": [
        {},
        {},
        {},
        {}
      ],
      "properties": {
        "order": 101,
        "id": 17,
        "name": "unlink",
        "prevSize": 32,
        "code": 59666
      },
      "setIdx": 2,
      "setId": 1,
      "iconIdx": 18
    },
    {
      "icon": {
        "paths": [
          "M512 382.566l-266.24 258.867h532.48z"
        ],
        "attrs": [
          {}
        ],
        "isMulticolor": false,
        "isMulticolor2": false,
        "tags": [
          "up"
        ],
        "grid": 0
      },
      "attrs": [
        {}
      ],
      "properties": {
        "order": 102,
        "id": 18,
        "name": "up",
        "prevSize": 32,
        "code": 59667
      },
      "setIdx": 2,
      "setId": 1,
      "iconIdx": 19
    },
    {
      "icon": {
        "paths": [
          "M600.883 505.856c45.056-29.082 74.957-79.872 74.957-137.216 0-90.522-73.318-163.84-163.84-163.84s-163.84 73.318-163.84 163.84c0 57.344 29.901 108.134 74.957 137.216-114.688 37.683-197.837 145.408-197.837 272.384h81.92c0-113.050 91.75-204.8 204.8-204.8s204.8 91.75 204.8 204.8h81.92c0-126.976-83.149-234.701-197.837-272.384zM512 286.72c45.056 0 81.92 36.864 81.92 81.92s-36.864 81.92-81.92 81.92-81.92-36.864-81.92-81.92 36.864-81.92 81.92-81.92z"
        ],
        "attrs": [
          {}
        ],
        "isMulticolor": false,
        "isMulticolor2": false,
        "tags": [
          "user"
        ],
        "grid": 0
      },
      "attrs": [
        {}
      ],
      "properties": {
        "order": 103,
        "id": 19,
        "name": "user",
        "prevSize": 32,
        "code": 59668
      },
      "setIdx": 2,
      "setId": 1,
      "iconIdx": 20
    },
    {
      "icon": {
        "paths": [
          "M555.827 614.4l38.093-450.56h-163.84l38.093 450.56z",
          "M593.92 778.24c0 45.243-36.677 81.92-81.92 81.92s-81.92-36.677-81.92-81.92c0-45.243 36.677-81.92 81.92-81.92s81.92 36.677 81.92 81.92z"
        ],
        "attrs": [
          {},
          {}
        ],
        "isMulticolor": false,
        "isMulticolor2": false,
        "tags": [
          "warning"
        ],
        "grid": 0
      },
      "attrs": [
        {},
        {}
      ],
      "properties": {
        "order": 104,
        "id": 20,
        "name": "warning",
        "prevSize": 32,
        "code": 59669
      },
      "setIdx": 2,
      "setId": 1,
      "iconIdx": 21
    },
    {
      "icon": {
        "paths": [
          "M512 92.774l429.102 855.226h-858.206l429.104-855.226zM512 0c-22.070 0-44.14 14.882-60.884 44.648l-437.074 871.112c-33.486 59.532-5 108.24 63.304 108.24h869.308c68.3 0 96.792-48.708 63.3-108.24h0.002l-437.074-871.112c-16.742-29.766-38.812-44.648-60.882-44.648v0z",
          "M576 832c0 35.346-28.654 64-64 64s-64-28.654-64-64c0-35.346 28.654-64 64-64s64 28.654 64 64z",
          "M512 704c-35.346 0-64-28.654-64-64v-192c0-35.346 28.654-64 64-64s64 28.654 64 64v192c0 35.346-28.654 64-64 64z"
        ],
        "attrs": [],
        "isMulticolor": false,
        "isMulticolor2": false,
        "tags": [
          "warning",
          "sign"
        ],
        "defaultCode": 59911,
        "grid": 16
      },
      "attrs": [],
      "properties": {
        "ligatures": "warning",
        "name": "warning-sign",
        "id": 1,
        "order": 119,
        "prevSize": 32,
        "code": 59911
      },
      "setIdx": 1,
      "setId": 2,
      "iconIdx": 1
    },
    {
      "icon": {
        "paths": [
          "M448 304c0-26.4 21.6-48 48-48h32c26.4 0 48 21.6 48 48v32c0 26.4-21.6 48-48 48h-32c-26.4 0-48-21.6-48-48v-32z",
          "M640 768h-256v-64h64v-192h-64v-64h192v256h64z",
          "M512 0c-282.77 0-512 229.23-512 512s229.23 512 512 512 512-229.23 512-512-229.23-512-512-512zM512 928c-229.75 0-416-186.25-416-416s186.25-416 416-416 416 186.25 416 416-186.25 416-416 416z"
        ],
        "attrs": [],
        "isMulticolor": false,
        "isMulticolor2": false,
        "tags": [
          "info",
          "information"
        ],
        "defaultCode": 59916,
        "grid": 16
      },
      "attrs": [],
      "properties": {
        "ligatures": "info, information",
        "name": "info-sign",
        "id": 4,
        "order": 120,
        "prevSize": 32,
        "code": 59916
      },
      "setIdx": 1,
      "setId": 2,
      "iconIdx": 4
    },
    {
      "icon": {
        "paths": [
          "M1024 397.050l-353.78-51.408-158.22-320.582-158.216 320.582-353.784 51.408 256 249.538-60.432 352.352 316.432-166.358 316.432 166.358-60.434-352.352 256.002-249.538z"
        ],
        "attrs": [],
        "isMulticolor": false,
        "isMulticolor2": false,
        "tags": [
          "star-full",
          "rate",
          "star",
          "favorite",
          "bookmark"
        ],
        "defaultCode": 59865,
        "grid": 16
      },
      "attrs": [],
      "properties": {
        "ligatures": "star-full, rate3",
        "name": "star-full",
        "id": 217,
        "order": 97,
        "prevSize": 32,
        "code": 59865
      },
      "setIdx": 2,
      "setId": 1,
      "iconIdx": 0
    }
  ],
  "height": 1024,
  "metadata": {
    "name": "icomoon"
  },
  "preferences": {
    "showGlyphs": true,
    "showQuickUse": true,
    "showQuickUse2": true,
    "showSVGs": true,
    "fontPref": {
      "prefix": "icon-",
      "metadata": {
        "fontFamily": "icomoon",
        "majorVersion": 1,
        "minorVersion": 0
      },
      "metrics": {
        "emSize": 1024,
        "baseline": 6.25,
        "whitespace": 50
      },
      "showSelector": true,
      "showMetrics": true,
      "showMetadata": false,
      "embed": false,
      "includeMetadata": true
    },
    "imagePref": {
      "prefix": "icon-",
      "png": true,
      "useClassSelector": true,
      "color": 4473924,
      "bgColor": 16777215,
      "classSelector": ".icon"
    },
    "historySize": 100,
    "showCodes": true,
    "showLiga": true,
    "gridSize": 16
  }
}